gcc_1_1,gcc_1_2,gcc_1_3,gcc_1_4,gcc_1_5,gcc_1_6,gcc_1_7,gcc_1_8,gcc_1_9,gcc_1_10,gcc_1_11,gcc_1_12,gcc_1_13,gcc_1_14,gcc_1_15,gcc_1_16,gcc_1_17,gcc_1_18,gcc_1_19,gcc_1_20,gcc_1_21,gcc_1_22,gcc_1_23,tmean_1_1,tmean_1_2,tmean_1_3,tmean_1_4,tmean_1_5,tmean_1_6,tmean_1_7,tmean_1_8,tmean_1_9,prcp_1_1,prcp_1_2,prcp_1_3,prcp_1_4,prcp_1_5,prcp_1_6,prcp_1_7,prcp_1_8,prcp_1_9
0.03213100788091239,0.021894661928716343,0.017501998439469056,0.0085807801154973,0.013724729585626427,0.016015969400836286,0.01750590053317508,0.016122939509271905,0.022040833243812306,0.011077323714758922,0.010089396791911898,0.04185757789913736,0.1886817254396461,0.5970787329764795,0.7500823516570538,0.7826781746870982,0.8163505949991267,0.8705142592194868,0.9768601956401792,1.1071230028634969,0.9164075698784345,0.09929445306695939,0.027706363202342252,0.32696146889689204,0.3340202447786217,0.3629416789950769,0.4032940875958548,0.4340480634069004,0.45812145008114474,0.3807187036743493,0.34317171594574575,0.1442066496293015,0.06890968892700919,0.09940370844596516,0.14085538161538724,0.16586269091425218,0.1258885699699715,0.1310406317237051,0.29262530263617426,0.11057784854985112,0.0042342459052137505
0.04673715015911503,0.044513527882695365,0.04767478804914632,0.04248693523355642,0.04534899939804562,0.05118443940083967,0.050324304589018605,0.048599594416975714,0.05778356354122589,-0.023166281533480063,7.446161607879825e-4,0.2783714728341533,0.6233250973751202,0.7540990229227018,0.8231029317131743,0.8744428930715357,0.8430756120668427,0.9193541582579604,0.9440024253298525,0.9779138057375067,0.40536937867402545,0.04538641713061765,0.05030283677017793,0.35465153431798296,0.35739528714638935,0.3471245496268307,0.3451602230620443,0.3586787118486757,0.3259824197393427,0.2184933672910487,0.1127746125075485,0.23149957635748583,0.05818822271669858,0.056977455521590614,0.06263400718101367,0.08081736027663947,0.11516418542759313,0.10150278932655289,0.07310224239714971,0.047832629370634386,0.08484537329081179
0.04737475728609201,0.038290773268456056,0.05721882082917693,0.046120716054696996,0.03038842778002437,0.025725784013751037,0.04117788374434958,0.025906557605949253,-0.03256854750121262,0.2279364777999548,0.5190426940497624,0.6057149589925743,0.653651758633716,0.6738337343471454,0.7170778097890731,0.7119569049671458,0.7577024858126209,0.8320899337706634,0.8586842986387276,0.7178223149065702,0.7022984033752652,0.7802394367146877,0.17323695835254468,0.5884659626316782,0.5636052287842864,0.5194125778643672,0.5016361224688666,0.47950933338784746,0.4244921587532301,0.29849265813987613,0.6076886052459595,0.2600584984183687,0.01140827701443739,0.01777694083869078,0.02770099283068233,0.04316524338881034,0.06726254262470041,0.2214793450003047,0.08031058603666391,0.0018311716549633237,1.5153220798278583e-6
0.028485272862992742,0.028087959940193852,0.018532962076287608,0.014679887768785971,0.011106807620233061,0.015665888305610758,0.015836758844259904,0.013729440664183704,0.018994031089949025,0.019583994925306422,0.009233145490259574,0.018177436585826958,0.06515733841639834,0.30495403120650133,0.7248223136548235,0.760735882998372,0.7855148512701096,0.8483030736104044,0.9092190960498929,1.0040246915979887,1.1606811692920596,0.5512673452166901,0.0301618884434288,0.5657275987452544,0.5267263229737635,0.4827323826410898,0.45320799650110816,0.4358054519440331,0.42551803501678903,0.48224225920880953,0.3536898719295003,0.2894859783335128,0.1817845723311179,0.12519555255631296,0.09364564329277059,0.08082486268778233,0.08416905462035054,0.09828814775753912,0.22716714182029163,0.20975367514856605,0.05466032117903161
0.457752672549403,0.13411539723848853,0.12740190095299017,0.07824381973992915,0.055502620385984795,0.07223102547177389,0.052667517861223805,-0.03083335535234288,0.18260890700449553,0.3923922837110022,0.5086569806687848,0.5894439430802086,0.6292106656750864,0.6775529246697094,0.7366671730532204,0.7495949644163856,0.7695396304404463,0.7793214418529506,0.8116793665878209,0.8925452430010022,0.948441031308501,1.0632902101983814,0.8796824431420753,0.48059371045001187,0.4428186602528126,0.41145314771277414,0.38914600688088696,0.4076962143869099,0.4277369864402898,0.37819814356592224,0.38976751494576845,0.36342701280649425,0.22268894107224613,0.153427250107085,0.11485100916334084,0.09924497005226485,0.1034879249516418,0.0667720242997939,0.0957084750486699,0.41858554643669077,0.12517978339886343
0.24508333348509578,0.04029851668872313,0.04675537861557085,0.055511833505408,0.032996290491452265,0.03659999135955661,0.04070080755491638,0.03636371581537138,0.024294835167680003,-0.03493899401676063,0.25519179537975617,0.6775731239579594,0.7476218129211315,0.7725345260563797,0.769689950737671,0.7901980589190706,0.8074693087608823,0.8452874026865314,0.9036008300257817,0.9424307688699719,1.0940108114153855,0.9927574739332308,0.4521214834427056,0.665415580496695,0.7237006061882628,0.7492119991293215,0.7749563291107182,0.7742579931248723,0.6278732843000516,0.40580045899380146,0.3369116351735314,0.3944445328514534,4.526730761591012e-8,6.982774611564603e-8,1.0835373383851115e-7,1.685504683290785e-7,2.6245729648546155e-7,6.014612202048421e-6,0.007268182087095509,0.11659306264293777,0.0556043317345065
0.13820039896114056,0.04619820350966293,0.03896045604675847,0.05809081998225943,0.04434943891107437,0.030540721939201123,0.025413615985668495,0.04124031141144297,0.022824607522815198,-0.03211011615288943,0.2572580145546054,0.5277098069295529,0.6084190613765607,0.6540316758223212,0.6760947445843737,0.7188935030295368,0.7126545590821951,0.7622687276628378,0.8374973901770428,0.8525950023806866,0.7094199167301336,0.7190284404359928,0.7515146854345389,0.5200624075575088,0.5160932506051068,0.5898780897262459,0.6308123449060692,0.6190518298907477,0.4989765893866462,0.41630848054292996,0.2956446446534265,0.6099061309758215,9.354995211566288e-5,7.351737193322685e-5,6.818826613743618e-5,7.649681356913274e-5,1.0010472371465585e-4,0.0020023144983934253,0.23522123237310819,0.06651225577732535,0.0011751405485370603
0.7634843952162705,0.2017870492290146,0.08647020577280244,0.08619286217061774,0.028085977389741567,0.01878859222327118,0.012746940086380708,5.740249100359915e-4,0.03625930073967376,0.25471853486889806,0.43983964587757846,0.5523876679109131,0.5838031417201079,0.6353279998380653,0.6872187208416947,0.7291593875787749,0.7328072361069407,0.7629759118205525,0.8390831052707903,0.8584774076604846,0.887757329082622,0.884132888280855,1.0006780296866937,0.5077400901154231,0.5214497920709725,0.5076535443317576,0.4782335047426451,0.45881547379523724,0.48504275974962036,0.46782094674730806,0.40191325864797434,0.5350271264519548,6.196795948916873e-7,7.662554235524835e-7,1.0660823369237764e-6,1.5791257176798245e-6,2.4079942419718376e-6,5.440133792394155e-5,0.045428882809151666,0.30602138548136815,0.2177363197231979
1.0329225201125776,0.6577292942867189,0.15241030279396228,0.12269351935739968,0.09379892698778858,0.05663137720450794,0.05882181424276272,0.0706515915512702,-0.022665790711237966,0.10477841968530682,0.3662689733566991,0.4813955333677848,0.5625941783237056,0.6252718657866473,0.6653490177801312,0.726387675325084,0.7501384888269871,0.7614154463077827,0.778719180423765,0.8006682067492913,0.8690928494638149,0.9302737432000211,1.0392218231564374,0.6303792320878293,0.6136233152901759,0.5843167288884703,0.5462487941610218,0.5186986049480201,0.595784223416041,0.4807873045936063,0.4252478196228567,0.35132146850397217,0.30460949115535835,0.24777410018207868,0.24049352924521472,0.2813116641573937,0.37839213190105137,0.46422974555884944,0.13585706048959284,0.06964115698296408,0.3502231613669712
0.05306493401382526,0.04471840672500996,0.044025250150785074,0.048815945906033525,0.03937624997211308,0.050097569011333123,0.051516934046000405,0.0451287941049605,0.059310538168522504,0.02630872982763215,-0.025004754362626166,0.054067550979710804,0.5335018237714807,0.6825794172865237,0.7946382364202726,0.8438018631102203,0.865091424059139,0.8768576584744515,0.9383365422974626,0.9697704531706278,0.7964602763708535,0.11436281709395694,0.04906188605087401,0.44065274876666183,0.4002088325948959,0.3708426215272653,0.3624863925782771,0.36805435366019496,0.3661244816588489,0.29841740044899456,0.1172753562240154,0.1400696459420749,0.24683895444155773,0.28149996675340594,0.20052600094347992,0.15965723532224987,0.1507199167654698,0.12016335685593274,0.09731608420412735,0.05936095482617936,0.05718791043499495
0.11044906399163985,0.047618729409520444,0.0338667479419752,0.043287264666137304,0.015453351470105367,0.01273900477058257,0.004497827856407455,0.0031064977001564764,0.003232130329476038,-0.021168987537929874,0.32094749520762117,0.6343227172320681,0.6540110272419902,0.7852253714718941,0.8120772693955305,0.828024024128883,0.8563759437371216,0.8675052292137612,0.8699129683473161,0.9017729668689294,0.9482557615327563,0.9887754668597867,0.9879799827277346,0.39739931215200985,0.38743197273812036,0.3996549949932358,0.4555032406685212,0.5397157977982627,0.4135599962995354,0.2725843369074914,0.16390455491683079,0.4073600209103091,0.23006636708682854,0.3209351609391175,0.4759909869792299,0.7262450104151883,0.5103420506151556,0.20875540952446295,0.1396397434382038,0.02166818948943519,0.10814705758607077
0.049305610402723486,0.04753171387997986,0.04884274790929459,0.062450839600687764,0.05790981866277068,0.05643026736495833,0.05512341633726284,0.04934582585344793,0.052923720581090114,0.05828294584486237,0.04909147747691636,-0.0458002930564225,0.1535184586345419,0.4722984182972238,0.6473301770574889,0.7956820209449051,0.8411703905949215,0.9028831509087648,0.9411124633502437,1.0018598356770363,1.0024334884466428,0.5084173791039177,0.06751132832085417,0.5407290548609749,0.5032754499968854,0.46563830209515533,0.43080562526604627,0.41002872843931937,0.3781259779164536,0.3512385712531262,0.23036645880438048,0.35976372580231286,0.1654017372503524,0.1520502888919431,0.16910889831192247,0.2199892873942863,0.31486753395550743,0.2417144161454188,0.08881167027489625,0.007116719295164156,0.08864329084059633
0.0566836645908422,0.04776814402317642,0.04523075183580914,0.046048444401946206,0.04439140079630484,0.04422795825348075,0.050386882757873674,0.05092257740388647,0.04643210131124779,0.06020013977357281,-0.01561044735521535,1.6414418939169457e-5,0.2078262240992429,0.6085571351826694,0.7408674646631908,0.8173935437914019,0.8642435066096489,0.855121795207278,0.9038613341843155,0.936240503891197,0.9938668981121609,0.503406102807562,0.04955078240383448,0.6154111945912627,0.6298245382024774,0.620692678275727,0.574802809157552,0.532174877812344,0.4884696450441993,0.3359561968706157,0.24007279595961484,0.11043237650897901,0.3385889657963479,0.367192783170517,0.41945237723502227,0.2976864321359034,0.23545777346396524,0.2564030375925548,0.09986380146003046,0.08173509886266486,0.04889897152175367
0.02640233966286476,0.01675410282109008,0.014633887195322381,0.026347845011667818,0.013829424909367971,0.0065574686688434835,0.00508730913424611,0.007391343620822785,0.010680246465549558,0.011561455118762607,0.014838438446910516,0.03556434607879903,0.3747157290606704,0.6293416551501779,0.8087832280223409,0.8440322445669944,0.8796132130309507,0.8848657272238906,0.9682995758290369,1.0505843451108252,1.0412490409627677,0.1629596812898144,0.02746921491668728,0.42334418813143304,0.41174934122848456,0.41255882234991403,0.4321926321185243,0.4648800685262451,0.42460508552626575,0.3908082848885371,0.0754054331059117,0.09704928744569664,0.27155591691216674,0.35106324766913255,0.38164013341854286,0.2869266072114394,0.24959840244662387,0.19679391668551416,0.06590346910199915,0.11109912699786688,0.1625705298407237
0.2703153977223938,0.05241654717850927,0.032768704503869595,0.031980240760370225,0.019610080424357863,0.02507590725159262,0.030675970494310614,0.019060800785408165,0.05319722330853797,0.2953176320031677,0.505190475928747,0.6062486302276877,0.6460444396108584,0.6806309095978431,0.6919707287380562,0.6298341634791887,0.7350742173599537,0.8480928279235184,0.852475098667173,0.9175256263637511,0.9663273079545497,1.0514699216869574,0.533804369107709,0.6037783320604605,0.5946221611507443,0.5718821443574598,0.5521996884863691,0.529250815430224,0.4862784075735068,0.4003573798791783,0.1258965801553558,0.19065352058084928,0.1698448355345457,0.14780428102408547,0.15312056927802908,0.18856329093091115,0.1607606358952724,0.091122936262421,0.10730610402473256,0.041936181977121095,0.1174861683550146
1.0640493081846438,0.4670896003745156,0.10968176528244411,0.08254030794331538,0.06003587630040647,0.0748004933393214,0.05913506187488835,0.01939940043580223,0.06319747502932092,0.3586253810362725,0.5280335152031047,0.5278550601894308,0.6477882319202608,0.7232304520500213,0.7477634400230018,0.7640660185013362,0.7751825142940614,0.7999860121037947,0.806276771683874,0.8340278512330348,0.8838411149224613,0.9677295668687168,1.0308686732625294,0.5174676589812994,0.5580313045831554,0.6075331977229725,0.6359978333492644,0.6451188188767718,0.6162858931372697,0.6599222901914258,0.4448161988676297,0.3446431413180448,0.1908499662924637,0.17913511530346096,0.2032472873751504,0.2469067198732053,0.22179217653297606,0.1025131739020254,0.08460904053247026,0.2909966478625624,0.23179642469977235
0.18554663844197924,0.056720199362866396,0.04484583708915769,0.05927520047405846,0.03749796076267358,0.03710832290762919,0.027257570037496775,0.028594110634039372,-0.036738449327815274,0.025743508125874923,0.4489288898565017,0.6612273598510353,0.6918802842000793,0.7074676805094686,0.7485234168290098,0.7576581688289034,0.7906286233750486,0.815338764928658,0.8582835198432786,0.8878387993606716,1.0144871342615083,0.9604897501311758,0.46186495309817316,0.6896898446155855,0.6784253035402066,0.6493863396456724,0.6024946866866835,0.5485068901433469,0.6289599031126629,0.5248569861795725,0.2836081236849897,0.34732619171550705,0.13327558767419082,0.09969978752674896,0.08606394488465689,0.0896408912194962,0.11114601579823472,0.279547593965776,0.33585215999552803,0.19553373232518212,0.7255938483382646
0.5472233018181586,0.18554663844197924,0.056720199362866396,0.04484583708915769,0.05927520047405846,0.03749796076267358,0.03710832290762919,0.027257570037496775,0.028594110634039372,-0.036738449327815274,0.025743508125874923,0.4489288898565017,0.6612273598510353,0.6918802842000793,0.7074676805094686,0.7485234168290098,0.7576581688289034,0.7906286233750486,0.815338764928658,0.8582835198432786,0.8878387993606716,1.0144871342615083,0.9604897501311758,0.5582029385562342,0.5458955474676095,0.5362515560625405,0.5130526115069197,0.49340727998452105,0.520692418645015,0.6289599031126629,0.5248569861795725,0.2836081236849897,0.32295298315399845,0.3032010881717426,0.3440894108238353,0.42553679665556055,0.40562140307140315,0.4789373674901431,0.279547593965776,0.33585215999552803,0.19553373232518212
0.05290050930245315,0.05252617838564185,0.0516286694611692,0.05604544594032898,0.05347049296974853,0.060004798964982176,0.051424280423354396,0.05866658168542672,0.06332776616309449,0.010664942338773421,-0.13220878513054632,0.35185601168778663,0.6348371872698503,0.7597340444403041,0.8243756283498545,0.839225951347233,0.8755638049654035,0.9529712247644511,0.9648998305638666,0.7168667944731943,0.08209137885482563,0.04261303952078552,0.05391862878825518,0.38665230619124924,0.3814776135107206,0.3886103539788755,0.395960781577392,0.3886854576578304,0.34134131565081494,0.33164380471901334,0.19560355391156276,0.18276549100958173,0.31905919966822704,0.3070943791136671,0.2677926429788278,0.1888648927345543,0.14771012103719167,0.14950661760274245,0.15000758716889398,0.10608178037143609,0.10340882488405148
0.1473640814647368,0.047341338168283446,0.03527588670795202,0.03823659232887324,0.028428534753704854,0.033002783969751925,0.021081023451198163,0.008581400573336919,-0.012166560766608067,0.22681585148337122,0.6094819008829252,0.6872343021642419,0.746984532975084,0.775417684343746,0.7883771479576039,0.8023109757913135,0.8361387362405049,0.8551922302568692,0.8945882143104295,0.9402289712239795,1.0280363523912277,0.8130054379684896,0.20828852741197348,0.4640467099212147,0.5035478923077027,0.4973147512751802,0.4779823219551481,0.4505880025662848,0.42818059381282403,0.3744513165627193,0.19285781672925503,0.27330820525569416,0.10553300314352623,0.10381738054411585,0.12286523405352864,0.16648613437364715,0.14055841176612355,0.10405030361556569,0.05656240219123683,0.07156305249230376,0.19242904685773574
0.04720006324016359,0.03778686056967979,0.041801356114056,0.019969462222878136,0.013486850401442357,0.005682465189661405,0.0034389470743665745,0.005150370504404306,-0.020381442508067883,0.223942132378576,0.5916788931213779,0.6766759777673959,0.7477242554648222,0.8104045103751634,0.8248316986236897,0.8482538267847636,0.8670462131706729,0.8710152834229052,0.8917263050871509,0.9447908471618739,0.9674961250514478,1.028627717574708,0.4625398564067967,0.338488043665299,0.3398392347109844,0.3698322075813625,0.3637354803700381,0.36720629404095273,0.30124150622031465,0.15564064179108644,0.3790291512987758,0.23816248710428703,0.03470447434555282,0.04545169892525041,0.06528926328999808,0.08675610888417393,0.11985989054089882,0.11196616507515258,0.05432664624721799,0.09636827611833104,0.11111195844496662
0.545387499035542,0.09539659450539872,0.038838846715823876,0.03159666604436372,0.028336122631990257,0.017310026155972578,0.03058622043816573,0.026279080748837797,0.017375256850976396,0.1847671562620357,0.4126069378432184,0.5889725987702134,0.6244036423972787,0.6770284472746915,0.6687972633703066,0.6850772478186702,0.6306823529037808,0.8415616272179421,0.8456798471919329,0.8838047905841843,0.9481733374882935,1.0315522466460125,0.840482923624586,0.5355261209892415,0.4970432653242575,0.4569051890416973,0.45697888927282293,0.4843328504756489,0.5092169796994325,0.4374769794766331,0.2163629130615208,0.16091247957472268,0.4700173871247793,0.46685035155022914,0.5499436655170424,0.6463335101719256,0.4391502566479273,0.26986801511290764,0.04328060775905229,0.10024691458331222,0.08056546782324446
0.021382565547994104,0.006231165239784098,0.02603332405692298,0.025736248922259137,0.020047251488926963,0.024608420468086725,0.01649190340540111,0.013260956762149435,0.0187776393748679,0.027946806545174764,-0.13181650830956007,0.41651215700850636,0.6865621855635495,0.7552849343338883,0.7708789021394739,0.7860995382199111,0.8624213375010721,0.8829577936167856,0.8764879127109965,0.9431086702947509,1.025914566051096,0.6246665031944013,0.05689135168926461,0.5189483070591792,0.5505672238199318,0.5862607528925519,0.6198729830114575,0.6438499186708553,0.5915536058063832,0.3918811320417301,0.28327938651196644,0.08234981690973069,6.972065182656265e-4,5.287069676215292e-4,4.6594881050173776e-4,4.963804154822939e-4,6.260881035593088e-4,0.012094373299810413,0.1359290197444406,0.05641175889799491,0.016378472376540224
0.935391289738995,0.2699345681464716,0.12919465642623595,0.11563754411451553,0.06431957164074077,0.055906758640680274,0.08155928479076716,0.028784133065092934,-0.0061117280178113196,0.274922185144935,0.42242031754568565,0.5333872028254354,0.6117714789400212,0.6421735203428803,0.6976826864786931,0.7399803376218871,0.7555138714181263,0.7768611633916215,0.7828927090709156,0.8320411259894178,0.9149563079438575,0.9748924919397284,1.0716086332963177,0.5510316651546048,0.58861100435952185,0.6232548676115522,0.6510171675032559,0.6745885155635978,0.5608545579473977,0.4166321235774634,0.371179759731602,0.3881454446844297,0.6537856812728882,0.8994898916480887,0.668546259500793,0.47387662414847387,0.36127004441786115,0.34913311162758093,0.03504866597764761,0.15823538239566678,0.4186925191712442
0.8109805186305208,0.19086074006757917,0.045004078557868255,0.031131492543863243,0.033259244434853286,0.016533536077382924,0.02594924623613139,0.03038341249304391,0.020065221685252675,0.08768394136665153,0.3335532367962877,0.5401155036221286,0.6096721340264044,0.6564547836270979,0.6769283391504499,0.6993339697478211,0.6068050253132277,0.7889591007533224,0.8460255437501162,0.8622789431412115,0.9284821526432093,0.9829498252753526,1.0178213235521658,0.5998197898074166,0.580118629076584,0.5502482005885174,0.5344484429232073,0.544447612325333,0.5442518674111352,0.469311315469621,0.34995329321772595,0.10066006857104068,0.2776806705597099,0.2985748584172268,0.3712211306976337,0.5146278659393447,0.7436124556977672,0.3958949888838002,0.06915201557298133,0.11092065804130141,0.05795877582707298
0.4658446672025742,0.12420644392357198,0.0433805514757699,0.03681816145256939,0.03592912336181471,0.029253036557817455,0.030623849427950336,0.020743439344090044,0.005088905748712685,-0.002503035407402435,0.2844479505051904,0.6300565269714176,0.6892204976276729,0.7549195566694129,0.7788113374526207,0.7872778985565491,0.806941065217677,0.8397201046975415,0.8594534541003307,0.8992589853884475,0.9485440333135282,1.0284216381995948,0.7484161375609255,0.4172629192366982,0.46501180849694823,0.4712286567859925,0.46272020197858277,0.4765101034518445,0.4926681383646494,0.41485771255853104,0.3486396544258901,0.20463356698488872,0.33617173863345623,0.45874643114714353,0.3130704098902596,0.2300084706114275,0.19294822545488094,0.1797264959675678,0.10401202393653358,0.06161190410182357,0.07528142631185296
0.007897986097302766,0.016820491595604826,0.028507107991835937,0.02505029842974357,0.01931618722919183,0.019725312919299867,0.015000883246424082,0.016355686729647715,0.027128305982333865,-0.04522808299110074,0.11321261020750199,0.6030842813685323,0.722279643946553,0.782398009815123,0.7567641493277816,0.8424739178333239,0.8813938497590559,0.862430110923392,0.9234641655582382,0.9840039444769229,0.9234794231443009,0.20546210138237356,0.022146375787666542,0.5974542696941207,0.6011025265348453,0.6079230696068274,0.6050945330359488,0.5721136988361588,0.4752366329882675,0.3278580602193204,0.16541565641067504,0.10449512055611736,0.0048151679863176235,0.007492976087215055,0.011669379405555496,0.01817965860500704,0.028325869525459985,0.0964924325550323,0.09695171771843318,0.018688802692458272,0.01763148582879452
0.05405486278652733,0.05292715576692984,0.05322886077528821,0.05175856387035338,0.05511003717830032,0.0543391266997978,0.05956820802637053,0.05139725141398807,0.0601997056946767,0.062366069148294234,-0.01197158821196957,-0.10186504539205402,0.3952771263843018,0.6740613901109171,0.7633374880715688,0.8205370492275247,0.8539915766115463,0.8752265640993695,0.9637153319378848,0.9606753993989209,0.6247758625583559,0.05809166850614431,0.04704481791848436,0.44319803961733695,0.4412102154493305,0.42804262018662975,0.41567689800367,0.41622162254885886,0.4332404950736481,0.3346596928232333,0.3237774792172594,0.18238460106062557,0.4607561795748285,0.6820387403424342,0.4984904487114578,0.414640246822773,0.4137180942986428,0.3841248454909571,0.13601145305218426,0.1439014201759415,0.09754793556247288
0.008779324061331858,0.02776861561908882,0.025389989938541826,0.019772453932850313,0.023734471157740463,0.015574204444940619,0.013923259240681682,0.020903955206924563,0.019992484666968006,-0.0919428105809844,0.49520136341883453,0.7052138609161773,0.7696666243748077,0.7596950299581515,0.8097289366629675,0.8676404220106135,0.8751291271496838,0.8934201938309467,0.94856700616635,1.0228735448646158,0.470119711962881,0.03634819612550685,0.0191272109186535,0.4382095653189876,0.40762263606926796,0.38167617788353003,0.3769574848223925,0.379667048417635,0.36749073714366515,0.2437440835326894,0.08428202886222028,0.16489268412530905,0.2014916372254788,0.18305564799181295,0.1316784287934088,0.1066368953536864,0.09828219713900165,0.11960969017607241,0.041888027504265686,0.016275058747176576,0.027531539982900262
0.01517364720505681,0.02859367759080826,0.025288782102406464,0.019235092394293597,0.020285777816226366,0.015253706645002306,0.01596706890248544,0.026114961174508424,-0.02933575533355206,0.0708691445238094,0.5868319773418246,0.720657289173641,0.780724837598765,0.7553444032316629,0.8382773103407639,0.8823204042007261,0.8602317031724145,0.9199680075716401,0.9762367863343089,0.9512892440804815,0.2413746407160417,0.023074001127467138,0.018327731058056705,0.37493960814273974,0.38419692303679964,0.4189816701602672,0.41860808660460014,0.39114831127756666,0.3333649414832837,0.1791647745305091,0.10061048533591804,0.12451862688406858,0.10494339450641763,0.13259327077511712,0.18676180119884003,0.1438278162688943,0.12965939459272738,0.10213675933525423,0.01855159075852854,0.01746097520877306,0.04446784974402802
0.3462538968650236,0.08512773021605416,0.042125150411882396,0.052517453096632145,0.04994903810795766,0.03944472871304711,0.028740101052963873,0.030688556034108475,0.007553172950516143,-0.05004378286177087,0.241360440498224,0.6174932894331553,0.6803131517167663,0.6992375213892759,0.7341670220545674,0.7504596778228675,0.7680007541386153,0.8123578648994851,0.8384725417628114,0.8736924916510573,0.9448303878524191,1.0484812942403001,0.7205754721920522,0.45309684607764,0.5038265738770149,0.5215273117332138,0.5242306487521142,0.555660280963085,0.5769020897850284,0.6155437818372119,0.3867950263943905,0.2723240696306541,0.7485648788997611,1.1120604952509516,0.7884014696252623,0.5263718630936156,0.369616629180692,0.344935218867676,0.44989556231081623,0.1848302440725837,0.3530002524353128
0.08646403534129699,0.04544150785925365,0.015447362879973302,0.007445883448636844,0.006046084140404519,0.020523790012337964,0.019803161275082987,0.03509431680190874,0.049403408012451036,0.07266348130272939,0.2598234071556057,0.5279507708343145,0.6597484649568817,0.7801290281712091,0.846713456960736,0.8695718028980672,0.9066906292556498,0.8467103409286209,0.951630387167176,1.053236882881057,1.0191745266723164,0.6081280477112393,0.12137135558262395,0.4452690519470204,0.4594469799096301,0.5220039051653931,0.5530103707624819,0.564605537759847,0.4878766099791615,0.4076971620949075,0.29436728161766945,0.17939538364866947,0.05472427991193346,0.07753224682958267,0.06521753641575208,0.046960410773548296,0.03809536728605417,0.08491459219729207,0.2582472451114623,0.051658211435474395,0.02520618487995147
0.6587915524852855,0.2472873533920494,0.06892974162842051,0.035789490643453395,0.04098215369816135,0.027612545734439355,0.03466091033662245,0.02119644565692337,0.017805748399447926,-0.011600301443319775,0.08313815366017142,0.5076202218200082,0.6699025170467787,0.7209277492388132,0.766935496999772,0.7931610927788048,0.7896294217741857,0.8232537336879222,0.8450721197331064,0.8825397834347222,0.9251104063876638,0.9892657710117324,0.9662942822444354,0.43965651688438245,0.4556762409672722,0.44794572726125714,0.42417504856126836,0.40327445082643665,0.45453099677861364,0.45161139378251747,0.42029050005972246,0.22619183166335763,0.14223440908869475,0.1032441563724528,0.08490273493070138,0.08354186047509025,0.09888935811449717,0.19946112353027015,0.11433113390181669,0.06004052263752415,0.07272530879421073
0.018327731058056705,0.029006276206705973,0.026965602625026525,0.03157529240542275,0.027525355205447265,0.031231721966081736,0.027191988705910275,0.030926585374399816,0.020470901932872647,-0.09531246298574668,0.22118723247141708,0.591004840431618,0.6553682629737564,0.7215022959638321,0.7200682815609333,0.767924981390984,0.791850224622981,0.849616413918365,0.913259893471826,1.004112525810361,0.754573548753598,0.10596789757366114,0.021887427610362803,0.35893853953242694,0.40272013694611175,0.41279126326302196,0.38247364965061176,0.3436961024717584,0.33944504095514644,0.2602122004746971,0.26704246716336155,0.3321970730267873,0.05009477039226129,0.058730408907952246,0.07911212920523364,0.0874916116434952,0.08554475271038922,0.16550668010526634,0.02938717834481294,0.12136879302292308,0.19213431425608754
0.8384951938866676,0.2008472570996332,0.12105138277188354,0.10914088233335281,0.06182459297429928,0.05409760226267502,0.08022550411459956,0.009176943557626261,0.029988401706824794,0.3228718922707536,0.44379014246017884,0.5459445095460206,0.6194451315891536,0.6519742907861809,0.7109138893956686,0.7466654277080712,0.7572102849992745,0.7780634082216455,0.7888871034245878,0.8479320112609771,0.9203240061883546,0.9993254511375111,1.0497390016929438,0.6510171675032559,0.6745885155635978,0.6773197450313921,0.6691377179837508,0.6578413700622394,0.5361201938979955,0.4256944115839238,0.35794824951931536,0.3747736332233337,0.47387662414847387,0.36127004441786115,0.3209174735708207,0.34474839743794433,0.35280601489546304,0.2199888697493491,0.04515288368088158,0.20936154528488407,0.37055625668635966
0.022159479277364485,0.02856025882207529,0.02739544559612173,0.032152453770825526,0.027636522700897448,0.03111550263611248,0.028794456838677648,0.026308854823878413,0.0022708574069185998,-0.08511305469893883,0.40915713575489654,0.633978042574393,0.7010383709846886,0.7096747246949947,0.7389427933517009,0.7697796849641845,0.8277629053056591,0.8544705910162457,0.9438711372532385,1.0211198720106478,0.43850515001164914,0.0610306148022825,0.013647092120764521,0.2849412042500621,0.2783565158159221,0.28767766679112206,0.3018372240760574,0.31628383622304246,0.33802723859311296,0.19794199181452943,0.33523380679507386,0.2320837325453234,0.1211605644859664,0.16121515339113093,0.23351277297452164,0.22730196050251708,0.25263920828098263,0.16388188310089202,0.006481289322879694,0.17241683982253903,0.2344367794972533
0.018997342625503576,0.0248075976602814,0.027822433988181437,0.028637605366218608,0.0313667346356825,0.02702278007409634,0.03095238742562152,0.030271280535778267,0.024103541694505595,-0.020300198291015835,-0.021186453227075616,0.47656794637979577,0.6404638971685898,0.7098475500211411,0.7127353867617231,0.7490289348160971,0.7794770769336283,0.8372949707751738,0.8637773276403456,0.9644884959117032,0.9917568533088611,0.29574582944839456,0.04553229728777201,0.48155753815416974,0.4375148568301653,0.39771003699999624,0.3744846262716341,0.3613822673178839,0.36367625782446855,0.336077779442348,0.190264952983755,0.3597908754487017,0.08659333966913546,0.07597594405853389,0.0805537372596391,0.10124227791267212,0.07261761489807315,0.09374412117504857,0.13324906676625078,0.01594625270511881,0.19411610690723788
0.06643836236950618,0.04289002339702218,0.03415086364289396,0.03873123317939427,0.012180952124480657,0.01211048935070718,0.002432524356050442,0.005464607506864992,-0.004988702936017816,0.01880413908912549,0.4615409025765519,0.6755167504703141,0.6606492270642474,0.8159713763896428,0.8084635697599417,0.838866031515268,0.8631716792503988,0.8723093300807611,0.870099760725814,0.9163007801430758,0.9497081127727751,1.031801650118464,0.8443236190047849,0.5919639696272478,0.58400004674241,0.5198894142054904,0.4267342088616237,0.35238485441959594,0.3981494643703464,0.2037433805018029,0.23178186158096012,0.38687022688849726,0.32793607236672545,0.21111730859164038,0.1365220065348834,0.0892311057851031,0.05978642619234342,0.09636060829839806,0.12499620012008669,0.033536087327528975,0.12482081789793517
0.11783550640336632,0.07131990030799137,0.031889138748037775,0.009819918609574306,0.007924978823046215,0.011313669354179282,0.02228338958100885,0.01912367216004695,0.043628057082458815,0.052281373850477854,0.11450815418859707,0.3751479221907517,0.5835310887241154,0.7007758933517206,0.8216115502767914,0.8582717673789454,0.8743035704340009,0.9251200840436604,0.8282816839735136,1.011244798290739,1.0708092844751194,0.9193430716814948,0.3606206682155434,0.37822085165383934,0.39260995931171006,0.44698185123617196,0.48301314309118526,0.49408146827720567,0.5030124368213684,0.43278624664234455,0.41061271474263966,0.19734630776855622,0.2123723591476166,0.23061925615922996,0.2949900044026893,0.1905276833884031,0.12417089905179748,0.10243675112062008,0.14882178712223337,0.18801047799704598,0.05640867169740483
0.21021080749796503,0.09921560121819316,0.05864580120211311,0.021882625834344076,0.007578412594320554,0.006235012755268955,0.01724517057952168,0.02295027972311224,0.023594127090479654,0.04803255035656432,0.057411249703984535,0.17653014861655014,0.46045728908347194,0.6217073010674996,0.7358769643822913,0.8381253240573353,0.872514672285498,0.8847615321976938,0.9091414504285392,0.865553567296995,1.0351447726624805,1.0581608574237356,0.7912957906284276,0.6251933441886034,0.6234599966320001,0.6148109013135219,0.604284278604284,0.5851755893135291,0.4960763520282298,0.5339433884032728,0.39379984250911426,0.37080212915512767,0.502258230354805,0.5528196044035822,0.39751285747434917,0.29639411869128773,0.23556828113496014,0.2933368345501859,0.05694336591688955,0.23999374293627593,0.10668776506139345
0.0938769997872302,0.05354738516575863,0.018351676858984475,0.007037317805701124,0.006274141621940119,0.018953398628239082,0.022276120251889752,0.027152052463816214,0.04939634625522579,0.060923906744357485,0.2084914560781921,0.49008942685086204,0.636487978046288,0.7510615327403727,0.8443255055200333,0.8731182315931014,0.8918248066386716,0.8878264881472123,0.895395107601904,1.0449981456324113,1.0458248442812177,0.7245470898716426,0.16327675348623025,0.5848749135244955,0.5395724014867898,0.48293298548290853,0.4452690519470204,0.4594469799096301,0.5171630808998972,0.3963812027766881,0.3393919536981757,0.16419098248441252,0.04419347306416279,0.039570291836742606,0.042861168976670944,0.05472427991193346,0.07753224682958267,0.060642519433457706,0.26883264669270734,0.06981091926612674,0.028018499222667706
0.9554086876577366,1.0594765699039475,0.41759499622837404,0.10694682545519064,0.08202329358341785,0.05786646910191626,0.07585916824269678,0.05803916169586025,0.015548429740878396,0.07906168218458585,0.3745311588342407,0.5290483915123776,0.533855199120859,0.6536549619356121,0.7254837329028273,0.7490368769275508,0.7651595435601818,0.7764447470152541,0.801120908754721,0.8056205030522665,0.8379204730221521,0.8888549993209148,0.9726086615484926,0.5863913252387687,0.5841436771927891,0.5815207874058392,0.5776340042995616,0.5713418976317333,0.5214646461348692,0.6291410516376554,0.6477129817575048,0.43296119012804296,0.05990915016922595,0.09320043215010912,0.1451318005610141,0.22608952908412192,0.2762972540488616,0.2824277765369053,0.09280925489036031,0.09190264506369777,0.2824167451208581
0.05031393331319492,0.046942163146240605,0.04996764721287414,0.06317193181125223,0.057277426621716906,0.05692122008544869,0.05278078610057621,0.050393271989088405,0.05408728487302886,0.05845057524704274,0.040981060731542084,-0.045895721429149564,0.20194578186072762,0.491903926096718,0.671782573945988,0.8099352686988317,0.8454749296072497,0.9057990154191816,0.9530658344799335,1.0034879357155648,0.9863819841732335,0.4177696209141163,0.05120889410009199,0.46563830209515533,0.43080562526604627,0.41002872843931937,0.38660029905155757,0.363045951369371,0.34808476078263845,0.3502151451133714,0.2351167068273858,0.3587705136301405,0.16910889831192247,0.2199892873942863,0.31486753395550743,0.47271928730782997,0.6572194291788028,0.2338168059653967,0.07778601824542503,0.009565410349365071,0.09481189563566227
0.7751197014170564,0.43760453901539964,0.11441058088917422,0.04209526139753928,0.03713977662656645,0.03528747887980084,0.02951465779169964,0.029058276038652454,0.02035779499529903,0.003705931162485398,0.0037980453961977403,0.31450163464711917,0.637253606735028,0.6914102164227437,0.7572470018612453,0.7809893420684303,0.7876215513428373,0.8091954499133417,0.8400345571017145,0.8622865335219702,0.9027172869482029,0.95247280943291,1.0268772336498955,0.49451366403195224,0.46522363045031645,0.4445307793422092,0.44255261839475707,0.44725934617872565,0.4316324189811293,0.49767137786705457,0.4107250672729347,0.3322031965028947,0.483528525042554,0.39534497772442556,0.3862304259511821,0.3972191022253179,0.3047944560873745,0.24251105419117355,0.16639483943132233,0.10308486288193133,0.06429812772197141
0.026913430707787907,0.027532260553601966,0.029712619982294578,0.02946849629473092,0.028103635030942105,0.029833262903024203,0.03145340159263175,0.02282852738720865,-0.0491548796037239,0.0696007433588836,0.5306767589735291,0.6435812855783066,0.7180504636826527,0.7161032364992173,0.7595212535456937,0.7866770260517124,0.8440540563869606,0.8783359521912518,0.9885667931625954,0.9204252601708526,0.18361589001190162,0.03356456141136148,0.016906794299213015,0.3272210860794141,0.3372245237432724,0.3692719904552285,0.3916745279441797,0.4103572666465285,0.3112362608586361,0.21193951138298056,0.36289998339922225,0.1459537962184873,0.30314086386716743,0.2410285795289561,0.17612252722916796,0.14644098037521341,0.14604762959630152,0.08318174402611683,0.053242976027913655,0.18239173944359188,0.21160587225198138
0.14138860668043243,0.08428848742959189,0.04265786030663627,0.014610473360798725,0.0074238292185889836,0.006668982228931981,0.020450362634786147,0.0196081013805216,0.037230238139147526,0.049183981969262124,0.07801655478758067,0.27853190106434156,0.5380553685098123,0.667499693545227,0.7890765989420209,0.8478703032466597,0.8689088500541292,0.9112059907537998,0.8354204013229194,0.9688732949056734,1.0574028189932874,1.0038942280280567,0.5685073991554087,0.5099461922225124,0.4519521417198141,0.40479747989380765,0.3894463383212923,0.3810386082691577,0.469813073879987,0.4866191771874073,0.4081397147835102,0.2783946230946435,0.22720057508871583,0.2779851653895502,0.38436678876829455,0.3081474955765418,0.23659993396552656,0.17553956363486514,0.09771546502372187,0.24503355608124308,0.04991883918720513
0.02083315311697367,0.019528732941566217,0.028812037865183947,0.02685719460079629,0.03211025010656314,0.027650312940706953,0.031636736881220505,0.027475902798176837,0.028746822750558003,0.015342877852346797,-0.1109477313162407,0.32585944521916627,0.6182792015599421,0.680757281603087,0.7136289291413371,0.7300488402124273,0.767907894635083,0.8070094143255413,0.8539995067889254,0.9270323947467793,1.0219244912717607,0.5962530076715095,0.0785016225374985,0.5906324363633265,0.5814005480410606,0.5791153346022593,0.5661775259093927,0.5489806568278488,0.4573722761454057,0.341039546090056,0.22122917848626455,0.2992794146553808,0.24190688225659907,0.265105078934258,0.27175333246153655,0.24928756106798816,0.16537134740070558,0.1264292742785165,0.17464317090584433,0.00936189770475826,0.14805866480765062
0.05496820206681044,0.04682143369205155,0.05193762771874312,0.04457629053429606,0.04780261521930662,0.03858886486492319,0.033805028069786434,0.023276667362346598,0.016715393836663945,0.2038746868025602,0.5460726861802739,0.6663006010412973,0.7579641011828832,0.7516105798812639,0.8287270702602845,0.8338126006433445,0.8126024869361339,0.8862197523787476,0.9380441341125778,0.9901391523522963,1.021876952115907,0.3698266879517773,0.07378650468731256,0.31962871827947087,0.3402668787451502,0.4065365181043915,0.44877219441025507,0.43971675128671706,0.33991812309600555,0.21869493962338224,0.15626851353028426,0.16064794857967735,0.03755182227100077,0.030185026671520926,0.028855236406345262,0.027582207708152937,0.031825620551591195,0.2169645527405646,0.09576128022204135,0.18887799331388916,0.03401001897457992
0.019848683224015125,0.0149884829603723,0.025128616955191432,0.02820184766159727,0.02447160153567675,0.02569547835523563,0.025465448075338258,0.028503049185997668,0.015220433517305985,-0.06233392718629438,0.15046094859657083,0.611573252144255,0.658454524889879,0.7254696610388515,0.7723968337130428,0.7958738265488613,0.859027781924483,0.8908972516026896,1.0061629007178077,0.892508525632669,0.19388845546079883,0.027994262447507797,0.01088009672747029,0.46324112103482973,0.43690671376409773,0.4090086231108855,0.38727870261856656,0.3690044308163072,0.36532250843563036,0.37369337111549233,0.251791777915948,0.1852723075700292,0.16808680406853216,0.2122934348478917,0.2847581304477649,0.22964076169587377,0.19206890035915905,0.20981157603934342,0.12738118493604028,0.09627207332889262,0.10132438808832975
0.014181975831230287,0.019848683224015125,0.0149884829603723,0.025128616955191432,0.02820184766159727,0.02447160153567675,0.02569547835523563,0.025465448075338258,0.028503049185997668,0.015220433517305985,-0.06233392718629438,0.15046094859657083,0.611573252144255,0.658454524889879,0.7254696610388515,0.7723968337130428,0.7958738265488613,0.859027781924483,0.8908972516026896,1.0061629007178077,0.892508525632669,0.19388845546079883,0.027994262447507797,0.38246585250377446,0.3910809849885516,0.38271591263068927,0.36570568775832474,0.36350775989987294,0.42088255762120663,0.36532250843563036,0.37369337111549233,0.251791777915948,0.2612380314491349,0.21400328627858636,0.2095691983637551,0.24231540940531993,0.2336432268395987,0.31825579860990566,0.20981157603934342,0.12738118493604028,0.09627207332889262
